{
    "id": 452969004,
    "balance": 6440,
    "bank": 0,
    "btc": 0.0,
    "farm": 0.00025,
    "gpu": "GF 210",
    "gpu_amount": 1,
    "farmed": 0.05275000000000004,
    "farming": true,
    "level": 3,
    "exp": 241,
    "nick": "",
    "kwin": 78500,
    "klose": 30000,
    "mwin": 0,
    "mlose": 0,
    "work": "\u0420\u0430\u0431\u043e\u0442\u043d\u0438\u043a \u043a\u043e\u0444\u0435\u0439\u043d\u0438",
    "wstatus": false,
    "reg": "07/26/21 18:31:33",
    "lbonus": 1627365007,
    "car": "Range Rover",
    "phone": "Sony Xperia XA1",
    "home": "\u041a\u0432\u0430\u0440\u0442\u0438\u0440\u0430 \u0432 \u043d\u043e\u0432\u043e\u0441\u0442\u0440\u043e\u0439\u043a\u0435",
    "banned": "NO",
    "hlevel": 1,
    "hexp": 0,
    "hhp": 20,
    "hplvl": 1,
    "hdamage": 1,
    "damagelvl": 1,
    "hdef": 1,
    "deflvl": 1,
    "pdamage": 0,
    "php": 0,
    "pdef": 0,
    "hvpn": "",
    "hcomp": "",
    "hsheltr": ""
}