{
    "id": 452969004,
    "balance": 1646568507559192212,
    "bank": 1430701591473942094672468049920,
    "btc": 0.0,
    "farm": 1.763769777163834e+187,
    "gpu": "GF 210",
    "gpu_amount": 3,
    "farmed": 2.645654665745751e+187,
    "farming": true,
    "level": 4,
    "exp": 304,
    "nick": "",
    "kwin": 1195130307994081496004,
    "klose": 1508088735729581154264,
    "mwin": 1500000,
    "mlose": 0,
    "work": "\u0414\u0438\u0437\u0430\u0439\u043d\u0435\u0440",
    "wstatus": false,
    "reg": "07/26/21 18:31:33",
    "lbonus": 1627553201,
    "car": "Rolls-Royce",
    "phone": "iPhone 12",
    "home": "\u0414\u0432\u043e\u0440\u0435\u0446 \u0432 \u0413\u0435\u043b\u0435\u043d\u0434\u0436\u0438\u043a\u0435",
    "banned": "NO",
    "hlevel": 1,
    "hexp": 0,
    "hhp": 20,
    "hplvl": 1,
    "hdamage": 1,
    "damagelvl": 1,
    "hdef": 1,
    "deflvl": 1,
    "pdamage": 0,
    "php": 0,
    "pdef": 0,
    "hvpn": "",
    "hcomp": "",
    "hsheltr": ""
}